{
  "parent": "item/handheld",
  "textures": {
    "layer0": "item/mace_skins/glitched"
  },
    "display": {
        "thirdperson_righthand": {
            "rotation": [ 0, -90, 55 ],
            "translation": [ 0, 4.0, 1 ],
            "scale": [ 1.5, 1.5, 1 ]
        },
        "thirdperson_lefthand": {
            "rotation": [ 0, 90, -55 ],
            "translation": [ 0, 4.0, 1 ],
            "scale": [ 1.5, 1.5, 1 ]
        },
        "firstperson_righthand": {
            "rotation": [ 0, -90, 25 ],
            "translation": [ 0, 3, 0.8 ],
            "scale": [ 1.35, 1.35, 0.9 ]
        },
        "firstperson_lefthand": {
            "rotation": [ 0, 90, -25 ],
            "translation": [ 0, 3, 0.8 ],
            "scale": [ 1.35, 1.35, 0.9 ]
        },
        "gui": {
            "scale": [ 1.5, 1.5, 1 ]
        },
        "ground": {
            "scale": [ 0.75, 0.75, 0.5 ]
        },
        "fixed": {
	    "rotation": [0,180,0],
            "scale": [ 1.5, 1.5, 1 ]
        }
    }
}