{
  "parent": "item/handheld",
  "textures": {
    "layer0": "item/mace_skins/broom"
  },
    "display": {
        "thirdperson_righthand": {
            "rotation": [ 0, -90, 55 ],
            "translation": [ 0, 4.0, 1 ],
            "scale": [ 0.9, 0.9, 0.9 ]
        },
        "thirdperson_lefthand": {
            "rotation": [ 0, 90, -55 ],
            "translation": [ 0, 4.0, 1 ],
            "scale": [ 0.9, 0.9, 0.9 ]
        },
        "firstperson_righthand": {
            "rotation": [ 0, -90, 25 ],
            "translation": [ 0, 3, 0.8 ],
            "scale": [ 0.9, 0.9, 0.9 ]
        },
        "firstperson_lefthand": {
            "rotation": [ 0, 90, -25 ],
            "translation": [ 0, 3, 0.8 ],
            "scale": [ 0.9, 0.9, 0.9 ]
        },
        "head": {
            "rotation": [ 0, -90, -45 ],
            "translation": [ 0, -35, 0.8 ],
            "scale": [ 2.5, 2.5, 2.5 ]
        }
    }
}