{
  "model": {
    "type": "minecraft:range_dispatch",
    "property": "minecraft:custom_model_data",
    "entries": [
      {
        "threshold": 71.0,
        "model": {
          "type": "minecraft:model",
          "model": "item/mace_skins/purple"
        }
      },
      {
        "threshold": 72.0,
        "model": {
          "type": "minecraft:model",
          "model": "item/mace_skins/command_block_staff"
        }
      },
      {
        "threshold": 73.0,
        "model": {
          "type": "minecraft:model",
          "model": "item/mace_skins/sword"
        }
      },
      {
        "threshold": 74.0,
        "model": {
          "type": "minecraft:model",
          "model": "item/mace_skins/flaming"
        }
      },
      {
        "threshold": 75.0,
        "model": {
          "type": "minecraft:model",
          "model": "item/mace_skins/portal_frame"
        }
      },
      {
        "threshold": 76.0,
        "model": {
          "type": "minecraft:model",
          "model": "item/mace_skins/drip"
        }
      },
      {
        "threshold": 77.0,
        "model": {
          "type": "minecraft:model",
          "model": "item/mace_skins/piston"
        }
      },
      {
        "threshold": 78.0,
        "model": {
          "type": "minecraft:model",
          "model": "item/mace_skins/golden_cod"
        }
      },
      {
        "threshold": 79.0,
        "model": {
          "type": "minecraft:model",
          "model": "item/mace_skins/cactus"
        }
      },
      {
        "threshold": 80.0,
        "model": {
          "type": "minecraft:model",
          "model": "item/mace_skins/50breeze"
        }
      },
      {
        "threshold": 82.0,
        "model": {
          "type": "minecraft:model",
          "model": "item/mace_skins/cherry"
        }
      },
      {
        "threshold": 83.0,
        "model": {
          "type": "minecraft:model",
          "model": "item/mace_skins/amethyst"
        }
      },
      {
        "threshold": 84.0,
        "model": {
          "type": "minecraft:model",
          "model": "item/mace_skins/frosty"
        }
      },
      {
        "threshold": 85.0,
        "model": {
          "type": "minecraft:model",
          "model": "item/mace_skins/mushroom"
        }
      },
      {
        "threshold": 86.0,
        "model": {
          "type": "minecraft:model",
          "model": "item/mace_skins/sculk"
        }
      },
      {
        "threshold": 87.0,
        "model": {
          "type": "minecraft:model",
          "model": "item/mace_skins/gilded"
        }
      },
      {
        "threshold": 88.0,
        "model": {
          "type": "minecraft:model",
          "model": "item/mace_skins/charged"
        }
      },
      {
        "threshold": 93.0,
        "model": {
          "type": "minecraft:model",
          "model": "item/mace_skins/blackstone"
        }
      },
      {
        "threshold": 94.0,
        "model": {
          "type": "minecraft:model",
          "model": "item/mace_skins/fortress"
        }
      },
      {
        "threshold": 95.0,
        "model": {
          "type": "minecraft:model",
          "model": "item/mace_skins/marshmellow"
        }
      },
      {
        "threshold": 96.0,
        "model": {
          "type": "minecraft:model",
          "model": "item/mace_skins/noteblock"
        }
      },
      {
        "threshold": 97.0,
        "model": {
          "type": "minecraft:model",
          "model": "item/mace_skins/eternity"
        }
      },
      {
        "threshold": 98.0,
        "model": {
          "type": "minecraft:model",
          "model": "item/mace_skins/resin"
        }
      },
      {
        "threshold": 99.0,
        "model": {
          "type": "minecraft:model",
          "model": "item/mace_skins/guitar"
        }
      },
      {
        "threshold": 100.0,
        "model": {
          "type": "minecraft:model",
          "model": "item/mace_skins/aged"
        }
      },
      {
        "threshold": 101.0,
        "model": {
          "type": "minecraft:model",
          "model": "item/mace_skins/electrode"
        }
      },
      {
        "threshold": 102.0,
        "model": {
          "type": "minecraft:model",
          "model": "item/mace_skins/tuff"
        }
      },
      {
        "threshold": 108.0,
        "model": {
          "type": "minecraft:model",
          "model": "item/mace_skins/hay"
        }
      },
      {
        "threshold": 109.0,
        "model": {
          "type": "minecraft:model",
          "model": "item/mace_skins/scarecrow"
        }
      },
      {
        "threshold": 110.0,
        "model": {
          "type": "minecraft:model",
          "model": "item/mace_skins/maple"
        }
      },
      {
        "threshold": 111.0,
        "model": {
          "type": "minecraft:model",
          "model": "item/mace_skins/broom"
        }
      },
      {
        "threshold": 112.0,
        "model": {
          "type": "minecraft:model",
          "model": "item/mace_skins/saucer"
        }
      },
      {
        "threshold": 113.0,
        "model": {
          "type": "minecraft:model",
          "model": "item/mace_skins/haunted"
        }
      },
      {
        "threshold": 118.0,
        "model": {
          "type": "minecraft:model",
          "model": "item/mace_skins/pumpkin"
        }
      },
      {
        "threshold": 119.0,
        "model": {
          "type": "minecraft:model",
          "model": "item/mace_skins/scythe"
        }
      },
      {
        "threshold": 123.0,
        "model": {
          "type": "minecraft:model",
          "model": "item/mace_skins/bogged"
        }
      },
      {
        "threshold": 124.0,
        "model": {
          "type": "minecraft:model",
          "model": "item/mace_skins/bamboo"
        }
      },
      {
        "threshold": 125.0,
        "model": {
          "type": "minecraft:model",
          "model": "item/mace_skins/house"
        }
      },
      {
        "threshold": 126.0,
        "model": {
          "type": "minecraft:model",
          "model": "item/mace_skins/imposter"
        }
      },
      {
        "threshold": 127.0,
        "model": {
          "type": "minecraft:model",
          "model": "item/mace_skins/anchor"
        }
      },
      {
        "threshold": 128.0,
        "model": {
          "type": "minecraft:model",
          "model": "item/mace_skins/pufferfish"
        }
      },
      {
        "threshold": 129.0,
        "model": {
          "type": "minecraft:model",
          "model": "item/mace_skins/cat"
        }
      },
      {
        "threshold": 130.0,
        "model": {
          "type": "minecraft:model",
          "model": "item/mace_skins/penguin"
        }
      },
      {
        "threshold": 131.0,
        "model": {
          "type": "minecraft:model",
          "model": "item/mace_skins/seal"
        }
      },
      {
        "threshold": 132.0,
        "model": {
          "type": "minecraft:model",
          "model": "item/mace_skins/bird"
        }
      },
      {
        "threshold": 133.0,
        "model": {
          "type": "minecraft:model",
          "model": "item/mace_skins/runic"
        }
      },
      {
        "threshold": 134.0,
        "model": {
          "type": "minecraft:model",
          "model": "item/mace_skins/leafy"
        }
      },
      {
        "threshold": 135.0,
        "model": {
          "type": "minecraft:model",
          "model": "item/mace_skins/stalagmace"
        }
      },
      {
        "threshold": 136.0,
        "model": {
          "type": "minecraft:model",
          "model": "item/mace_skins/fishbowl"
        }
      },
      {
        "threshold": 137.0,
        "model": {
          "type": "minecraft:model",
          "model": "item/mace_skins/pulse"
        }
      },
      {
        "threshold": 138.0,
        "model": {
          "type": "minecraft:model",
          "model": "item/mace_skins/glitched"
        }
      },
      {
        "threshold": 139.0,
        "model": {
          "type": "minecraft:model",
          "model": "item/mace_skins/zen"
        }
      },
      {
        "threshold": 140.0,
        "model": {
          "type": "minecraft:model",
          "model": "item/mace_skins/fimbulwinter"
        }
      },
      {
        "threshold": 141.0,
        "model": {
          "type": "minecraft:model",
          "model": "item/mace_skins/ornament"
        }
      },
      {
        "threshold": 142.0,
        "model": {
          "type": "minecraft:model",
          "model": "item/mace_skins/coral"
        }
      },
      {
        "threshold": 143.0,
        "model": {
          "type": "minecraft:model",
          "model": "item/mace_skins/abysscoral"
        }
      },
      {
        "threshold": 144.0,
        "model": {
          "type": "minecraft:model",
          "model": "item/mace_skins/beenest"
        }
      },
      {
        "threshold": 145.0,
        "model": {
          "type": "minecraft:model",
          "model": "item/mace_skins/budget"
        }
      },
      {
        "threshold": 146.0,
        "model": {
          "type": "minecraft:model",
          "model": "item/mace_skins/bighead"
        }
      },
      {
        "threshold": 147.0,
        "model": {
          "type": "minecraft:model",
          "model": "item/mace_skins/chocobar"
        }
      },
      {
        "threshold": 148.0,
        "model": {
          "type": "minecraft:model",
          "model": "item/mace_skins/chocolate"
        }
      },
      {
        "threshold": 149.0,
        "model": {
          "type": "minecraft:model",
          "model": "item/mace_skins/gingerbread"
        }
      },
      {
        "threshold": 150.0,
        "model": {
          "type": "minecraft:model",
          "model": "item/mace_skins/glowberry"
        }
      },
      {
        "threshold": 151.0,
        "model": {
          "type": "minecraft:model",
          "model": "item/mace_skins/hatsolotl"
        }
      },
      {
        "threshold": 152.0,
        "model": {
          "type": "minecraft:model",
          "model": "item/mace_skins/heart"
        }
      },
      {
        "threshold": 153.0,
        "model": {
          "type": "minecraft:model",
          "model": "item/mace_skins/icemace"
        }
      },
      {
        "threshold": 154.0,
        "model": {
          "type": "minecraft:model",
          "model": "item/mace_skins/ichor"
        }
      },
      {
        "threshold": 155.0,
        "model": {
          "type": "minecraft:model",
          "model": "item/mace_skins/insomnia"
        }
      },
      {
        "threshold": 156.0,
        "model": {
          "type": "minecraft:model",
          "model": "item/mace_skins/jebmace"
        }
      },
      {
        "threshold": 157.0,
        "model": {
          "type": "minecraft:model",
          "model": "item/mace_skins/lucky"
        }
      },
      {
        "threshold": 158.0,
        "model": {
          "type": "minecraft:model",
          "model": "item/mace_skins/moons"
        }
      },
      {
        "threshold": 159.0,
        "model": {
          "type": "minecraft:model",
          "model": "item/mace_skins/pancake"
        }
      },
      {
        "threshold": 160.0,
        "model": {
          "type": "minecraft:model",
          "model": "item/mace_skins/picnic"
        }
      },
      {
        "threshold": 161.0,
        "model": {
          "type": "minecraft:model",
          "model": "item/mace_skins/retro"
        }
      },
      {
        "threshold": 163.0,
        "model": {
          "type": "minecraft:model",
          "model": "item/mace_skins/snake"
        }
      },
      {
        "threshold": 164.0,
        "model": {
          "type": "minecraft:model",
          "model": "item/mace_skins/sunflower"
        }
      },
      {
        "threshold": 10002.0,
        "model": {
          "type": "minecraft:model",
          "model": "item/mace_skins/maceicon"
        }
      }
    ],
    "fallback": {
      "type": "minecraft:model",
      "model": "item/mace"
    }
  }
}
